{
  "metrics": {
    "r2_score": 0.9985489960352066,
    "rmse": 0.03837954528059954,
    "mae": 0.012459670452758113,
    "mse": 0.0014729894959455904,
    "max_error": 3.7866460261142243,
    "median_ae": 0.006721466537313092
  },
  "bucket_metrics": {
    "atm": {
      "r2_score": 0.9990959840309117,
      "rmse": 0.030141937850259006,
      "mae": 0.008328323587501836,
      "mse": 0.0009085364173688766,
      "max_error": 2.939853812140827,
      "median_ae": 0.005424090315805374
    },
    "otm_put": {
      "r2_score": 0.9982171530542253,
      "rmse": 0.04227412925667897,
      "mae": 0.018168959203061573,
      "mse": 0.0017871020044104007,
      "max_error": 2.166215468621293,
      "median_ae": 0.008451847101307253
    },
    "otm_call": {
      "r2_score": 0.9985532265045786,
      "rmse": 0.038192839136567854,
      "mae": 0.009031946785545671,
      "mse": 0.0014586929613117489,
      "max_error": 3.7866460261142243,
      "median_ae": 0.005838518060703336
    },
    "short_tenor": {
      "r2_score": 0.9981427781476854,
      "rmse": 0.04324534955549344,
      "mae": 0.01305519125932914,
      "mse": 0.0018701602581768163,
      "max_error": 3.7866460261142243,
      "median_ae": 0.0068893298107562395
    },
    "long_tenor": {
      "r2_score": 0.9989285969081925,
      "rmse": 0.03279967581721445,
      "mae": 0.011864149646187074,
      "mse": 0.0010758187337143626,
      "max_error": 3.032418000648634,
      "median_ae": 0.0065617222786703774
    }
  },
  "residual_stats": {
    "mean": 0.000607281902175164,
    "std": 0.038374740450417125,
    "skewness": 11.918698641194027,
    "kurtosis": 1533.3304225681293,
    "jarque_bera": [
      58791760157.05391,
      0.0
    ],
    "shapiro_wilk": [
      0.35800132135255824,
      1.2000939779131007e-85
    ],
    "percentiles": [
      -0.022433597845741858,
      -0.006000877702126345,
      0.0007280263813367327,
      0.007391861852872161,
      0.024553204688367206
    ]
  }
}