{
  "metrics": {
    "r2_score": 0.9987136000766642,
    "rmse": 0.0361664058030177,
    "mae": 0.010648810243897426,
    "mse": 0.0013080089087085522,
    "max_error": 4.519447497735715,
    "median_ae": 0.005478927390945354
  },
  "bucket_metrics": {
    "atm": {
      "r2_score": 0.9992973429741515,
      "rmse": 0.026573870575214556,
      "mae": 0.00695874820000804,
      "mse": 0.0007061705973482541,
      "max_error": 2.8877793461500176,
      "median_ae": 0.00444744711164391
    },
    "otm_put": {
      "r2_score": 0.998500734595782,
      "rmse": 0.038766527426082914,
      "mae": 0.01567485751961496,
      "mse": 0.001502843648677239,
      "max_error": 1.9963328052747573,
      "median_ae": 0.0067729440628675475
    },
    "otm_call": {
      "r2_score": 0.9985509160391172,
      "rmse": 0.03822332353286569,
      "mae": 0.007581817764634335,
      "mse": 0.0014610224618981243,
      "max_error": 4.519447497735715,
      "median_ae": 0.004748741035539572
    },
    "short_tenor": {
      "r2_score": 0.9982861112878383,
      "rmse": 0.04154309307591289,
      "mae": 0.011238745547844835,
      "mse": 0.0017258285823139614,
      "max_error": 4.519447497735715,
      "median_ae": 0.005647287445587734
    },
    "long_tenor": {
      "r2_score": 0.9991134645002041,
      "rmse": 0.029836039199316385,
      "mae": 0.010058874939950028,
      "mse": 0.000890189235103144,
      "max_error": 3.3837086487810866,
      "median_ae": 0.005314149408872065
    }
  },
  "residual_stats": {
    "mean": 0.0001670502596130704,
    "std": 0.03616602000385605,
    "skewness": -10.473041629894169,
    "kurtosis": 2765.752682230964,
    "jarque_bera": [
      191245665941.79248,
      0.0
    ],
    "shapiro_wilk": [
      0.10898084748167014,
      3.867978279669767e-93
    ],
    "percentiles": [
      -0.018967443804652862,
      -0.0051878753965463875,
      0.0002790671432206099,
      0.005763840188941882,
      0.02071977794114772
    ]
  }
}