{
  "metrics": {
    "r2_score": 0.9985489958052536,
    "rmse": 0.03837954840669003,
    "mae": 0.012459670094616345,
    "mse": 0.0014729897359014633,
    "max_error": 3.786648428212719,
    "median_ae": 0.0067214631309691145
  },
  "bucket_metrics": {
    "atm": {
      "r2_score": 0.9990959845310264,
      "rmse": 0.03014192951278021,
      "mae": 0.008328323520207475,
      "mse": 0.0009085359147534106,
      "max_error": 2.939851228566969,
      "median_ae": 0.00542404689438139
    },
    "otm_put": {
      "r2_score": 0.998217153372359,
      "rmse": 0.04227412548495143,
      "mae": 0.018168958775327874,
      "mse": 0.0017871016855174197,
      "max_error": 2.166216800146242,
      "median_ae": 0.008451984937535628
    },
    "otm_call": {
      "r2_score": 0.9985532259228794,
      "rmse": 0.03819284681459712,
      "mae": 0.009031946160730399,
      "mse": 0.0014586935478032817,
      "max_error": 3.786648428212719,
      "median_ae": 0.005838432881578932
    },
    "short_tenor": {
      "r2_score": 0.9981427779576898,
      "rmse": 0.04324535176751363,
      "mae": 0.01305519071672388,
      "mse": 0.001870160449495994,
      "max_error": 3.786648428212719,
      "median_ae": 0.006889345006095726
    },
    "long_tenor": {
      "r2_score": 0.9989285966207845,
      "rmse": 0.032799680216534614,
      "mae": 0.011864149472508816,
      "mse": 0.0010758190223069323,
      "max_error": 3.0324203318983995,
      "median_ae": 0.006561668622773409
    }
  },
  "residual_stats": {
    "mean": 0.0006072813860718112,
    "std": 0.03837474358506639,
    "skewness": 11.918719276567236,
    "kurtosis": 1533.3322893904756,
    "jarque_bera": [
      58791903329.10529,
      0.0
    ],
    "shapiro_wilk": [
      0.35800154742427537,
      1.2001157429068806e-85
    ],
    "percentiles": [
      -0.02243363852992002,
      -0.006000808797724161,
      0.0007280431093350526,
      0.00739187747377508,
      0.024553303336352743
    ]
  }
}