{
  "metrics": {
    "r2_score": 0.9986778971081223,
    "rmse": 0.03661801982094827,
    "mae": 0.012016817844189667,
    "mse": 0.0013408793756073602,
    "max_error": 3.9775845407906996,
    "median_ae": 0.006403786580188253
  },
  "bucket_metrics": {
    "atm": {
      "r2_score": 0.9991875869045714,
      "rmse": 0.028574035276938945,
      "mae": 0.00789125051569789,
      "mse": 0.0008164754920077513,
      "max_error": 2.7321537534162217,
      "median_ae": 0.005105888210041543
    },
    "otm_put": {
      "r2_score": 0.9982718152760341,
      "rmse": 0.04162102019632458,
      "mae": 0.018248416573676547,
      "mse": 0.001732309322182859,
      "max_error": 2.1366248028861863,
      "median_ae": 0.008452902831943776
    },
    "otm_call": {
      "r2_score": 0.9987561065899813,
      "rmse": 0.035413859110970294,
      "mae": 0.008267919218631882,
      "mse": 0.0012541414171316535,
      "max_error": 3.9775845407906996,
      "median_ae": 0.005394764967668497
    },
    "short_tenor": {
      "r2_score": 0.9982119691981857,
      "rmse": 0.042432148020360334,
      "mae": 0.012811267245268718,
      "mse": 0.0018004871856217694,
      "max_error": 3.9775845407906996,
      "median_ae": 0.00653312076256668
    },
    "long_tenor": {
      "r2_score": 0.9991223455676047,
      "rmse": 0.029686218445483248,
      "mae": 0.011222368443110604,
      "mse": 0.0008812715655929497,
      "max_error": 3.260253727520209,
      "median_ae": 0.006275843711378959
    }
  },
  "residual_stats": {
    "mean": -0.0007946626729780562,
    "std": 0.03660939615513393,
    "skewness": -9.83970769023463,
    "kurtosis": 1934.12169907122,
    "jarque_bera": [
      93530350655.1965,
      0.0
    ],
    "shapiro_wilk": [
      0.17379771625166696,
      2.198492976449114e-91
    ],
    "percentiles": [
      -0.02258692401209821,
      -0.007006280567526918,
      -0.0006532316384292858,
      0.0057534804415641586,
      0.02243722058908807
    ]
  }
}