{
  "metrics": {
    "r2_score": 0.9984359014248313,
    "rmse": 0.039852547470642166,
    "mae": 0.012591886182831274,
    "mse": 0.0015882255398997874,
    "max_error": 3.994061555096227,
    "median_ae": 0.006424380426999277
  },
  "bucket_metrics": {
    "atm": {
      "r2_score": 0.9992518461621125,
      "rmse": 0.02742070225194573,
      "mae": 0.007934246491102442,
      "mse": 0.0007518949119898616,
      "max_error": 2.5210989346461785,
      "median_ae": 0.00505070026089377
    },
    "otm_put": {
      "r2_score": 0.9979560767167013,
      "rmse": 0.04526368791564804,
      "mae": 0.019364352953286396,
      "mse": 0.0020488014437251823,
      "max_error": 2.047782584844839,
      "median_ae": 0.008679994881374095
    },
    "otm_call": {
      "r2_score": 0.9983718613215695,
      "rmse": 0.04051607519573884,
      "mae": 0.008613746787641393,
      "mse": 0.0016415523492667638,
      "max_error": 3.994061555096227,
      "median_ae": 0.005325459015126877
    },
    "short_tenor": {
      "r2_score": 0.997915063686438,
      "rmse": 0.045819876699748144,
      "mae": 0.01332683266570563,
      "mse": 0.002099461100780123,
      "max_error": 3.994061555096227,
      "median_ae": 0.0065439965467945505
    },
    "long_tenor": {
      "r2_score": 0.9989274304702027,
      "rmse": 0.03281752548592676,
      "mae": 0.011856939699956898,
      "mse": 0.001076989979019452,
      "max_error": 3.5357801702170675,
      "median_ae": 0.006305765536019754
    }
  },
  "residual_stats": {
    "mean": 6.443245884965538e-06,
    "std": 0.03985254694977938,
    "skewness": -11.262429438044217,
    "kurtosis": 1711.3489909777502,
    "jarque_bera": [
      73230568454.69879,
      0.0
    ],
    "shapiro_wilk": [
      0.0952478291824358,
      1.698527698113951e-93
    ],
    "percentiles": [
      -0.02246696894215347,
      -0.006371661943400775,
      -3.6177457247654754e-05,
      0.006480019638884282,
      0.025052545116903996
    ]
  }
}