{
  "metrics": {
    "r2_score": 0.9984179883919165,
    "rmse": 0.04006247091170784,
    "mae": 0.013896595311999122,
    "mse": 0.0016050015755514366,
    "max_error": 3.963965166615085,
    "median_ae": 0.007194708796052204
  },
  "bucket_metrics": {
    "atm": {
      "r2_score": 0.9990905097208667,
      "rmse": 0.030233063046858123,
      "mae": 0.008945797262693084,
      "mse": 0.0009140381011952982,
      "max_error": 2.653592506506728,
      "median_ae": 0.005701066077740864
    },
    "otm_put": {
      "r2_score": 0.9978293877898999,
      "rmse": 0.04664539349786126,
      "mae": 0.021675277274228064,
      "mse": 0.0021757927345703175,
      "max_error": 2.0182049591418973,
      "median_ae": 0.009995505680849393
    },
    "otm_call": {
      "r2_score": 0.9984604047340173,
      "rmse": 0.03939897788396949,
      "mae": 0.009395436765421749,
      "mse": 0.001552279458301517,
      "max_error": 3.963965166615085,
      "median_ae": 0.005981799463960047
    },
    "short_tenor": {
      "r2_score": 0.9979488256530346,
      "rmse": 0.04544737539367783,
      "mae": 0.014925052625445242,
      "mse": 0.0020654639301738733,
      "max_error": 3.963965166615085,
      "median_ae": 0.007439308963905322
    },
    "long_tenor": {
      "r2_score": 0.998860158480635,
      "rmse": 0.03383103931198389,
      "mae": 0.012868137998553002,
      "mse": 0.0011445392209289995,
      "max_error": 3.3387096063241923,
      "median_ae": 0.0069612238067231075
    }
  },
  "residual_stats": {
    "mean": 8.860748489134264e-05,
    "std": 0.04006237292354333,
    "skewness": 0.21465045609438016,
    "kurtosis": 1553.6228994308194,
    "jarque_bera": [
      60343607448.37749,
      0.0
    ],
    "shapiro_wilk": [
      0.162804458862169,
      1.0871005305044204e-91
    ],
    "percentiles": [
      -0.025253681017268013,
      -0.006952229739154325,
      0.0001605245214672535,
      0.007438960775540397,
      0.028193326102760385
    ]
  }
}